제품명,제품코드
설악프로방스 바다한잔 동해소주 17.5도 360ml,34945281618
시트러스 미상 신례명주 50도 750ml,38854552619
안동소주 일품 40도 350ml,28668079555
안동소주 일품 21도 350ml,12116084874
명인 안동소주 22도 360ml,12116122428
복순도가 손막걸리 6.5도 935ml,24595589522
시트러스 미상 25도 350ml,36330686620
해창 12도 찹쌀생막걸리 900ml,30442214618
김포금쌀 선호 생막걸리 6도 750ml,29413342619
명인 안동소주 35도 360ml,28665976558
배상면주가 느린마을 막걸리 6도 750ml,32773809619
고창선운산 복분자주 16.5도 1800ml,21276710415
해창 9도 찹쌀생막걸리 900ml,29413376618
술소리 지리산 강쇠 13도 375ml,28859572587
우도 땅콩 전통주 6도 750ml,24082882522
고헌정 동학 1957 13도 375ml,32810252619
한산소곡주 18도 700ml,11956838281
덕유 무주구천동 산머루주 16도 360ml,32920353619
황금보리소주 17도 375ml,38887025618
니모메 11도 375ml,12129212147
명인 안동소주 호리병 45도 800ml,12116145995
고창명산품복분자 복분자주 16도 1.8L,21276973324
샤토미소 도란원 레드와인 미소27 스위트 750ml 12도,38642510620
박재서명인 안동소주 양반탈 45도 800ml,12116177388
금정산성막걸리 8도 750ml,19092758909
고흥유자주 12도 500ml,28671125554
더한 서울의밤 25도 375ml,24039509524
배혜정도가 우곡생주 막걸리 10도 750ml,27713845522
죽향도가 대대포 블루 6도 600ml,28857975589
산내들 소백산 스위트와인 12도 750ml,28858119588
금산인삼주 금설 35도 375ml,28859388587
포천일동 담은 생막걸리 WHITE 6.5도 750ml,19091579927
국순당고창명주 국순당 명작 복분자 13도 375ml,38832413620
한산소곡주 생주16도 1.8L,28842184588
참주가 동해밤바다 17.2도 360ml,38641939618
한주양조 한주 35도 360ml,24069344528
이화백주 6도 940ml,28670266557
선연 선운 복분자주 15도 375ml,21276603155
배혜정도가 호랑이 생 막걸리 6도 750ml,24039675522
시트러스 혼디주 12도 330ml,24067016531
중원양조 사랑할때 사과주 12도 300ml,32579325625
복순도가 빨간쌀 막걸리 6.5도 935ml,34395240618
우희열 명인 한산소곡주 천상문 18도 500ml,38642485618
나루 생 막걸리 6도 935ml,24080421524
국순당고창명주 오디랑 12.5도 330ml,24068190523
한산소곡주 16도 750ml,28682620555
소백산막걸리 6도 750ml,29412491628
박재서명인 안동소주 호리병 선물세트,28858135594
배상면주가 빙탄복 7도 370ml,11958161719
명품안동소주 담금주 30도 3.6L,38892033621
제주 오메기 맑은술 500ml,28858293590
더한 매실원주 13도 375ml,28856396588
참조은 안동쏘주 16.9도 360ml,28826795591
한산소곡주 18도 1.8L,11963125175
배혜정도가 담금나라 30도 3.6L,33844402619
술샘 꿀샘 16도 375ml,33744129618
예산사과와인 추사 40도 200ml,34962263619
술샘 붉은원숭이 10.8도 375ml,12196950265
산막와이너리 비원 드라이 레드 750ml,38641255621
진도 홍주 40도 375ml,40461874619
토끼소주 화이트 23도 375ml,30442213619
술샘 이화주 8도 100ml,12115939843
토끼소주 골드 46도 375ml,33155576618
명가원 솔송주 담솔 40도 500ml,12140203164
컨츄리 캠벨 스위트 12도 750ml,12116067782
골목 막걸리 12도 350ml,32773236618
안동소주 일품 골드 40도 500ml,12116173029
명품안동소주 프리미엄30 30도 375ml,38891843619
팔팔양조장 팔팔막걸리 6도 750ml,33152782620
한강주조 표문 막걸리 6도 500ml,29409202619
민속주 안동소주 45도 800ml,28666319559
황금보리 25도 375ml,33063009619
명가원 담솔 40도 375ml,11966976748
허니문 스위트 아이스 와인 10도 375ml,39124402619
안동소주일품 17도 350ml,30701414621
영덕주조 도원결의 15도 360ml,28887413586
한산소곡주 생주 16도 1500ml,28755708554
조은술세종 바나나 막걸리 4도 750ml,38543651622
해창 15도 찹쌀 생막걸리 900ml,38854718618
금산인삼주 43도 375ml,40479972618
조은술세종 유기농 쌀 이도 담금주 25도 3.6L,38833145622
토끼소주 선비 진 48도 375ml,33154427621
국순당고창명주 국순당 자연담은 복분자 막걸리 6도 360ml,32805854618
정고집 옛날 생 동동주 6도 750ml,32804983623
술샘 서설 청주 13도 375ml,33954545618
더한 서울의밤 프리미엄 40도 375ml,38800520619
고도리 망고포도 샤인머스캣 화이트와인 10.5도 375ml,38888300627
국순당고창명주 선운산의아침 복분자주 13도 1.5L,32846497618
문배술 40도 700ml,14058590287
안동소주 양반탈 45도 400ml,28827438594
박재서 안동소주 부부탈 세트,28859891586
토끼소주 블랙 40도 375ml,32459057621
내장산복분자주 16도 700ml,21276596099
참주가 순참 복분자 와인 11도 300ml,32917149628
병영양조장 병영 소주 40도 200ml,32545555619
명인 안동소주 45도 400ml,30700702626
술샘 오미자 리큐르 16도 375ml,33743754618
영덕주조 도원결의 40도 360ml,28886878590
예산사과와인 추사 사과 와인 12도 375ml,24040865528
배혜정도가 부자막걸리 10도 375ml,30212312618
예산사과와인 애플블랑 12도 750ml,28844187587
칠장주 6도 750ml,39154002620
댄싱사이더 애플 상그리아 6.3도 750ml,38643641618
술샘 술취한 원숭이 10.8도 375ml,12115929782
동강주조 얼떨결에 퍼플 6도 935ml,38892813621
영덕주조 도원결의 25도 360ml,28887334593
알에프 장수오미자주 16.5도 360ml,24070052522
양주도가 별산막걸리 6.5도 800ml,28859889589
황금보리 증류주 40도 375ml,38643645618
우희열 명인 한산소곡주 18도 360ml,28682731555
댄싱사이더 프렌치 린넨 사이더 4.7도 750ml,39127147618
알밤주 6도 750ml,20624147465
중원양조 사랑할때 사과주 20도 300ml,32580267619
국순당 명작 복분자주 선물세트 13도,11900973300
이강주 19도 375ml,12107826923
동강주조 얼떨결에 민트 6도 935ml,38892545620
아리랑주조 겨울소주 25도 360ml,33152784623
허니비 와인 8도 500ml,39124472618
명가원 솔송주 13도 375ml,12197106062
정고집 나주 쌀 막걸리 5% 750ml,32805026618
23년산 로얄안동소주 45도 600ml,28669848555
명품안동소주 프리미엄 19.8도 375ml,28668432556
솔송주 명인 담은세트 1호,38851514627
감홍로 40도 400ml,20633853947
한산소곡주 16도 1.8L,11900911053
배상면주가 느린마을 소주 21도 375ml,33214740619
우포의아침 단감명작 7도 750ml,38887755623
황진이 12도 375ml,19094430920
제주와이너리 감귤발효주 귤로만 10도 700ml,38854663621
264청포도와인 절정 13.5도 750ml,38641313624
댄싱사이더 애플사이더 댄싱파파 7도 330ml,32730414622
그린영농조합 그랑꼬또 로제와인 12도 750ml,32579508620
양촌양조 여유소주 25도 375ml,33310946620
자연과사람 우리소주조합 강릉소주 25도 360ml,32578011622
복순도가 진한 탁주 10도 935ml,29412652619
고흥 풍양 유자막걸리 6도 750ml,29413130619
감홍로 40도 700ml,20613722931
착한농부 밀담 52 52도 360ml,33157373618
댄싱사이더 신애유자 5도 330ml,38888925621
댄싱사이더 스윗마마 5.5도 330ml,33119756625
착한농부 밀담 40 40도 360ml,33157352624
더한 서울의밤 명랑스컬 17도 375ml,24039676526
댄싱사이더 허니문배 애플사이더 4.9도 750ml,32787162622
대대로영농 진도 홍주 루비콘 40도 500ml,25838115522
이강주 특3호 25도 1L,11967014716
두레양조 두레앙 거봉포도 증류주 35도 500ml,39126998618
국순당고창명주 국순당 명작 복분자주 선물세트 13도 375ml x 3병,38833195620
복순도가 손막걸리 슈퍼드라이 6.5% 935ml,34835632620
댄싱사이더 요새로제 6.4도 750ml,28807396554
솔송주 명가원 복분자술 16도 750ml,39128043620
배상면주가 자자연연 3호 복분자음 12도 375ml,11948737391
와인코리아 샤토마니 아이스 와인 12도 500ml,38829831620
참조은 전통 증류소주 20.5도 360ml,32785985625
배상면주가 느린마을 옹기막걸리 7도 1980ml,28856252587
백련생막걸리 스노우 6도 750ml,12140144653
공주 알밤 왕밤주 6도 750ml,29412772623
병영양조장 병영사또 40도 200ml,32789310619
배상면주가 느린마을 증류주 16.9도 360ml,28859385588
황금보리 17도 250ml,38887573621
동래아들 생막걸리 6도 750ml,32773878618
문배술 호리병 40도 400ml,11963336443
양주도가 별산오디스파클링 막걸리 6도 800ml,38893061619
천지수 순생 막걸리 6도 750ml,25761808524
홀리엠 HOLY M 37도 375ml,38799032620
내장산복분자주 와인 6호 선물세트,38854412623
우희열 명인 한산소곡주 명화1호 18도 1L,28682740557
양촌양조 여유소주 40도 375ml,33310035620
보은송로주 700ml,37420287619
내장산복분자주 특16호 16도 600ml,21278155892
술샘 감사 14도 375ml,12153338918
내장산복분자 복분자주 선물9호 16도,12197329240
제주본초 동백꽃 제주 16도 365ml,24041184523
댄싱사이더 와쥬블루 애플사이더 6.7도 750ml,28706578554
배혜정도가 호땅 막걸리 6도 750ml,32804548621
우포의아침 맑은내일 창녕단감 단감명작 7도 750ml,39022079620
한국애플리즈 애피소드 상그리아 3.5도 330ml,33119203619
대잎술 도자기 선물세트 12도 500ml,28860056587
감홍로 40도 400ml 세트,34395205623
가야 프리미엄 막걸리 6도 750ml,32804985621
내장산복분자 복분자주 16도 360ml,32546607618
성원홍주 오래뜰 진도홍주 40도 700ml,33125003618
사곡양조원 공주굿밤 20.5도 360ml,34836986619
덕유 무주 구천동 산머루주 16도 750ml,32917910624
종천주조 종천 생막걸리 6도 750ml,32421996622
황금보리 보리소주 40도 750ml,39150476620
안동 진맥 소주 40도 200ml,24069343527
오산양조 하얀까마귀 8도 850ml,32805097620
고도리 복숭아와인 6.5도 375ml,24041417522
덕유 머루와인 달1614 스위트 750ml 12도,38643217618
배상면주가 느린마을소주21 ?21도 375ml 도자잔 선물세트,34393852623
배상면주가 느린마을 막걸리 한번더 12도 750ml,34817436618
고창 복분자주 특4호,24068311522
한산 불소곡주 43도 700ml,11979264416
녹고의 눈물 16도 750ml,24068672524
산내울 사과애주 16도 375ml,38641371619
배상면주가 심술 7도 330ml,34962503619
참주가 톡톡 밤술 막걸리 750ml,32807040618
죽향도가 죽향 생 막걸리 6도 750ml,33119282619
문배주양조원 문배술 특2호 선물세트,33295093622
프리미엄 진도 홍주 명품 58도 750ml,25837830523
중원당 청명주 백도자기세트,28844333591
지란지교 프리미엄 무화과 탁주 12도 500ml,32807074620
한산소곡주 13도 700ml,28755699554
죽향도가 대대포레드 생막걸리 9도 600ml,33063004619
너브내 와인선물세트 레드드라이(13도) 화이트스위트(12도) 750ml x 2병,38642516622
문배주양조원 문배술 천향세트,33296438618
담을술공방 주향담을 41도 500ml,33154404618
담을술공방 주향이오 25도 375ml,33154411618
착한농부 밀담24 24도 375ml,24069371528
다래와인 7004S 8도 750ml,11900906541
배혜정도가 메로니아 4도 750ml,24068672532
와인코리아 샤토마니 스위트 레드 12도 750ml,38642507620
명품안동소주 프리미엄 수 화이트 400ml 40도,38892704619
가족세트,39147768625
젤코바 켐벨 13.5도 750ml,39127045618
한산 예담은 한산소곡주 16도 750ml,11900802463
명품 안동소주 청와대 선물세트 45도 600ml,29921784621
연화주 15도 375ml,12197199556
이강주 18호 25도 1L,12109248419
벼리 스파클링 막걸리 6도 935ml,39153864620
오산양조 오산막걸리 6도 500ml,33152788619
남도탁주 정고집 나주 배 약주 15도 500ml,33844856618
제주 감귤 허니와인 12도 375ml,39123169622
술샘 감사블루 14도 375ml,19093063265
여포의꿈 레드 스위트 와인 12도 750ml,20137377461
한국애플리즈 더 찾을수록 애플 16도 360ml,33118731618
추성고을 추성주 25도 400ml,12116716453
술샘 미르40 40도 375ml,12154300029
붉은진주 레드 와인 드라이 12도 750ml,38855047621
명품안동소주 프리미엄40도 500ml 세트,38891731619
이강주 2호 750ml,28860053586
문배술 특1호세트 40도 400ml,12197640453
댄싱사이더 루드베리 4.5도 330ml,33120771620
한국애플리즈 애피소드 애플 3.5도 330ml,33119273618
국순당고창명주 국순당 고창명주 복분자 13도 750ml,11900559832
덕유 머루와인 달1614 드라이 750ml 12도,38643115619
선운산 흥진 샹스프라보아즈 복분자와인 13도 750ml,38854718619
우포의아침 맑은내일 스파클링 막걸리 시그니처 6도 970ml,32804068622
댄싱사이더 치키피치 4.6도 330ml,34348717624
명품안동소주 프리미엄 수 블랙 45도 400ml,38892813620
한국애플리즈 더 찾을수록 피치 14도 360ml,32919238620
국순당 복분자 막걸리 6도 750ml,32804068621
구름을 벗삼아 6도 500ml,24069329523
솔송주 명가원 과실주 세트,39128821619
시트러스 귀감 25도 350ml,24068009524
송도향 삼양춘 생막걸리 12.5도 500ml,33043439618
황금보리 산삼주 20도 375ml,39147768621
한산 소곡주 도자기병 18도 700ml,12153690432
송도향 삼양춘 송도 막걸리 6도 700ml,39153817619
솔티마을 오롯이 복숭아 스파클링 와인 9도 375ml,32730938619
명품안동소주 양반탈 30도 200ml,38891307627
민속주 안동소주 45도 180ml,28670256554
배혜정도가 도래하 19도 350ml,32788651619
신안암태주조장 수미생쌀막걸리 6도 750ml,32774487618
명품안동소주 각시탈 30도 200ml,39129725618
양촌양조 여유소주 19도 375ml,33311466618
두술도가 오 미자씨 7.8도 오미자 막걸리 650ml,32774209618
도란원 샤토미소 로제 스위트 와인 12도 375ml,32732151622
술샘 생강 강황 리큐르 19도 375ml,33743990619
선운산 복분자주 16도 375ml,12161592824
국순당고창명주 선운산의 아침 태양주 6.5도 300ml,33120994618
술샘 미르25 25도 375ml,12154281947
백운주가 복분자주 13도 360ml,12154956647
문배술 명작 40도 1L,11900802309
문배주양조원 문배술 헤리티지 세트 500ml x 2병,33296293618
한산소곡주 생주 16% 750ML,30442218622
조은술세종 아이엠더문 오리지널 17도 375ml,32546259618
제주 감귤 귤로만 10도 80ml,39127617623
한산소곡주 16도 1.5L,11900778637
술샘 와우라 바이올렛 16도 375ml,24070423523
아리랑 주조 겨울소주 45도 360ml,32785696631
백련생막걸리 미스티 7도 500ml,12115926419
시나브로 피에스 로제 스파클링 와인 5도 750ml,38887755622
배혜정도가 배도가 로아19 퍼플 19도 350ml,33155580618
여포와인농장 여포의 꿈 화이트와인 12도 375ml,32579393620
토끼소주 선비 보드카 40도 750ml,33155350618
성원홍주 오래뜰 진도홍주 40도 500ml,33125004618
민속주 안동소주 45도 600ml,30700778627
배혜정도가 심플리 애플 사과 과일소주 350ml 12도,38643650618
한국애플리즈 더 찾을수록 모스까또 14도 360ml,33118757618
송도향 삼양춘 스파클링 약주 13도 500ml,39149568628
과천도가 관악산 생막걸리 6도 1L,32773870630
아리랑주조 술공방 9.0 생막걸리 9도 500ml,33154748619
솔송주 명가원 산머루주 16도 750ml,32920336618
한국애플리즈 더 찾을수록 오렌지 16도 360ml,33118735618
민속주 안동소주 45도 400ml,30700869628
국순당 여주명주 려 40도 75ml 미니어쳐 고구마 증류주,33114218619
술샘 미르54 54도 375ml,12116585905
오산양조 독산53 53도 250ml,33153561618
명품안동소주 부네탈 미니 30도 200ml,39129693618
술샘 퍼플 진 36.5도 500ml,34111019618
병영양조장 병영 사또 40도 500ml,32546052618
명품안동소주 각시탈 45도 200ml,39129692620
이강주 선물세트 29호 25도,20677391849
댄싱사이더 얠로펀치 5.2도 330ml,33120873618
술샘 미르25 미니어쳐 25도 100ml,34111014618
안동 진맥소주 22도 375ml,33154416621
벗드림양조장 감천 막걸리 6도 750ml,32773025619
도란원 샤토미소 웨딩 자두 와인 12도 750ml,32580801618
엠 M24 24도 375ml 메밀증류주,38800431619
더한 서울의밤 매실 원주 세트,32788992619
청도감와인 감그린 아이스 와인 10도 375ml,39123349620
한산소곡화주 소곡주 41도 500ml,12197756639
댄싱사이더 애플사이더 멜론서리 5도 330ml,32730766619
한산소곡주 선물세트 특1호 16도 750ml,12116012130
술샘 그리움 차례주 14도 700ml,33970230618
한통술 연꽃담은술 임금누룩 꽃막걸리 8도 850ml,32844469618
해미읍성딸기와인 세인트하우스 복숭아 스파클링 와인 6도 750ml,32579307619
배혜정도가 배도가 로아 19옐로우 19도 350ml,33154981625
조은술세종 이도 25도 375ml,32579302619
만강에 비친 달 10도 500ml,12196952114
명품안동소주 프리미엄40 40도 500ml,38892813618
추성고을 추성주 25도 350ml,12116716454
한산소곡주 호랑이 약주 선물세트,30574263627
명품안동소주 하회탈 45도 200ml,38892173622
해미읍성 세인트하우스 살구와인 12도 500ml,24041419526
금산인삼주 23도 375ml,12116713476
국순당고창명주 국순당 복분자주 미니어처 13도 75ml,32846103620
명품안동소주 부네탈 45도 200ml,39129278619
술샘 미르40 미니어쳐 40도 100ml,34111015618
금용농산 미르아토 로제 스파클링와인 5도 250ml,32421996623
배혜정도가 배도가 로아 19레드 19도 350ml,33154423623
성원홍주 오래뜰 진도홍주 40도 375ml,33125005618
국순당여주명주 려驪고구마증류소주 25도 500ml,20137360521
담을술공방 주향아라 55도 375ml,33154401621
솔송주 담솔 소용량 40도 180ml,38543838618
너브내 레드드라이와인 12도 750ml,38642516620
장생 도라지 진주 감사 선물세트 13도,11918319704
동강주조 얼떨결에 옐로 6도 935ml,39147768627
배상면주가 느린마을 홍시과실주 선물세트 12도 700ml x 2개입,34394339619
주몽 복분자주 13도 375ml,12861808305
구름을 벗삼아 6도 750ml,24068714536
까치설 숲향벼꽃 술도깨비 막걸리 500ml,33276316625
해미읍성 세인트하우스 딸기와인 12도 500ml,24040891531
이강주 주병 세트 25도 500ml x 2병,38641853621
술샘 미르 미니어쳐 선물세트,34111017618
예산사과와인 추사 로제 사과 와인 12도 375ml,32579400620
한산소곡주 명화2호 43도 1L,13470090174
송도향 삼양춘 생막걸리 8.5도 500ml,33041807625
매화주 15도 375ml,12197199557
유희행님의 서천 한산명품소곡주 1.5L,30575369618
유토피아 22년산 로얄안동소주 45도 800ml,24069003523
문배주양조원 문배술 헤리티지 40도 500ml,33212551629
크라테 자두 와인+ 화이트 와인 선물세트,32846079621
장생도라지 진주 프리미엄 16도 500ml,12153720378
명작 복분자 15도 700ml,21278254389
낙화곡주 우도땅콩 생막걸리 6도 750ml,29413376620
황금보리 증류주 40도 250ml,39151259618
해미읍성딸기와인 세인트하우스 딸기스파클링와인 6도 750ml,32545890618
한산소곡주 백제소곡주 1호 13도,19094414802
내장산복분자 정분나다 16도 375ml,32917767621
명가원 솔송주 13도 700ml,11900593948
이강주 25도 400ml,12107897417
배상면주가 오디아락 40도 500ml,24068646522
국순당 명작 복분자주 선물세트 13도 375ml,21277670987
좋은술 천비향 택이 8도 500ml,32807042619
배꽃담은 연 생막걸리 10도 720ml,19091579885
안동소주 일품1호 선물세트 40도 400ml,12116183562
내국양조 선물세트 375ml,19094036767
오희 스파클링 막걸리 8.5도 500ml,19092520571
오계리 와인세트 13호,39123467619
황금보리 증류주 25도 250ml,39150732619
계룡백일주 복도깨비 미니어처 세트,32846036618
배혜정도가 배도가 로아40 퍼플 40도 350ml,33157201619
시트러스 제주 한라봉 마셔블랑 와인 12도 750ml,24038568526
금정산성 청탁 막걸리 5도 750ml,32774134622
담을술공방 주향담을 41도 375ml,33152841620
금용농산 미르아토 레드 드라이 와인 12도 750ml,32730761618
해미읍성딸기와인 세인트하우스 딸기스파클링와인 12도 750ml,32545673618
술샘 미르54 미니어쳐 54도 100ml,34111016618
술아막걸리 8도 450ml,12115937414
배혜정도가 배도가 로아 40레드 40도 350ml,33157302619
명품안동소주 호리병 45도 800ml,28669664557
하미앙 산머루 와인세트,32846123618
여포와인농장 초선의 꿈 로제 스위트와인 12도 375ml,32579400619
한통술 연꽃담은술 임금누룩 꽃막걸리 11도 850ml,32844390618
배상면주가 배아락 40도 500ml,12325561569
한통술 구절초꽃술 임금누룩 꽃막걸리 8도 850ml,32844040619
장희도가 세종대왕어주 탁주 13도 500ml,12152753510
참주가 솔 막걸리 5.5도 650ml,32807074619
금용농산 미르아토 로제와인 12도 750ml,32579315622
조은술세종 아이엠더문 화이트 17도 750ml,32545890621
배혜정도가 배도가 로아 40옐로우 40도 350ml,33157111621
배상면주가 자자연연 1호 12도,11957198357
국순당 여주명주 려驪 25도 500ml,13955282653
민속주 안동소주 45도 600㎖,30701581620
한산소곡주 천상문 18도 500ml,11978962046
두레양조 두레앙 로제와인 12도 750ml,32729735625
한통술 구절초꽃술 임금누룩 꽃막걸리 11도 850ml,32844038619
안동소주 일품 특2호 선물세트,12116185376
안동 진맥소주 53도 200ml,33155038618
장희도가 세종대왕어주 15도 500ml,12153612813
수삼 23도+43도 세트,20677752162
술샘 와우라 루즈 16도 375ml,24070101525
배상면주가 자자연연 2호 복분자음 선물세트,11957660890
계룡백일주 16도 1.8L,12128416544
부안참뽕 와인 13도 750ml,11900977979
그린영농조합 그랑꼬또 M5610 12% 750ml,34856180620
포엠 화이트 스위트 와인 12도 750ml,32730766621
문배술 헤리티지 25도 375ml,11900858087
금용농산 미르아토 레드 스위트 와인 12도 750ml,32730359620
도란원 샤토미소 로제스위트 와인 12도 750ml,32456913619
국화주 선물세트 15도,12197187116
금용농산 미르아토 청수 스위트와인 12도 750ml,32579723620
크라테 로제 + 레드 와인 선물세트,32846137618
해미읍성 세인트하우스 블루베리와인 12도 500ml,24068532524
사곡양조원 왕율주 선물세트 3호,20677580421
진쾌남 선물세트3호,20677572061
진쾌남 선물세트 1호,20677565547
몬스터빌리지 설레 생막걸리 7도 750ml,32774655618
해미읍성 세인트하우스 오미자와인 12도 500ml,24068533522
해미읍성 세인트하우스 모과와인 12도 500ml,24040943535
해미읍성 세인트하우스 매실와인 12도 500ml,24041270526
오산양조 독산30 30도 250ml,33152841619
왕율주 선물세트 1호,20677686904
사곡양조원 진쾌남 33도 700ml,24068447522
해미읍성 세인트하우스 가시오가피와인 12도 500ml,24068540522
해미읍성 세인트하우스 아로니아와인 12도 500ml,24042028523
사곡양조원 왕율주 선물세트 2호,20677638264
진쾌남 선물세트 2호,20677523647
포엠 로제 스위트 와인 12도 750ml,32731851621
계룡백일주 백일주 16도 600ml,12153476468
오계리와이너리 벚꽃에디션 레드와인 13도 500ml,32731853620
도란원 샤토미소 애플 와인 9도 375ml,32732135622
진도 아리랑 홍주 40도 1L,12115956468
계룡백일주 40도 700ml,12153575912
고창명산품 복분자주 18도 700ml,10819573820
장생도라지 진주(珍酒) 효 13도 380ml,12248463625
이강주 주병세트,28858776592
두레양조 아우내 20도 360ml,33119285621
술샘 아임프리 9도 500ml,33970867618
나루 생 막걸리 11.5도 500ml,24079859523
고창 서해안 복분자주 선운 9.9도 330ml,32844478620
도깨비양조장 도깨비술 생막걸리 7도 750ml,33841841622
도깨비양조장 도깨비술 생막걸리 11도 750ml,33843743618
계룡백일주12년산 40도 600ml,12325561570
